date,ind_prod_americana,desemprego_americano,consumer_priceUSD,tx_juros_americano
1919-01-01,4.8902,,,
1919-02-01,4.674,,,
1919-03-01,4.5389,,,
1919-04-01,4.62,,,
1919-05-01,4.647,,,
1919-06-01,4.9442,,,
1919-07-01,5.2414,,,
1919-08-01,5.3224,,,
1919-09-01,5.2144,,,
1919-10-01,5.1603,,,
1919-11-01,5.0793,,,
1919-12-01,5.1603,,,
1920-01-01,5.6467,,,
1920-02-01,5.6467,,,
1920-03-01,5.5386,,,
1920-04-01,5.2414,,,
1920-05-01,5.3765,,,
1920-06-01,5.4305,,,
1920-07-01,5.2954,,,
1920-08-01,5.3224,,,
1920-09-01,5.1333,,,
1920-10-01,4.9172,,,
1920-11-01,4.5119,,,
1920-12-01,4.2417,,,
1921-01-01,3.9986,,,
1921-02-01,3.9175,,,
1921-03-01,3.8095,,,
1921-04-01,3.8095,,,
1921-05-01,3.9175,,,
1921-06-01,3.8905,,,
1921-07-01,3.8635,,,
1921-08-01,3.9986,,,
1921-09-01,4.0256,,,
1921-10-01,4.2688,,,
1921-11-01,4.2147,,,
1921-12-01,4.1877,,,
1922-01-01,4.3498,,,
1922-02-01,4.5389,,,
1922-03-01,4.7821,,,
1922-04-01,4.62,,,
1922-05-01,4.8631,,,
1922-06-01,5.1063,,,
1922-07-01,5.1063,,,
1922-08-01,4.9982,,,
1922-09-01,5.2684,,,
1922-10-01,5.5656,,,
1922-11-01,5.8088,,,
1922-12-01,5.9709,,,
1923-01-01,5.8358,,,
1923-02-01,5.9168,,,
1923-03-01,6.106,,,
1923-04-01,6.241,,,
1923-05-01,6.3221,,,
1923-06-01,6.2681,,,
1923-07-01,6.214,,,
1923-08-01,6.106,,,
1923-09-01,5.9709,,,
1923-10-01,5.9438,,,
1923-11-01,5.9438,,,
1923-12-01,5.8088,,,
1924-01-01,5.9438,,,
1924-02-01,6.0519,,,
1924-03-01,5.9438,,,
1924-04-01,5.7547,,,
1924-05-01,5.5116,,,
1924-06-01,5.2684,,,
1924-07-01,5.1874,,,
1924-08-01,5.3765,,,
1924-09-01,5.5656,,,
1924-10-01,5.7007,,,
1924-11-01,5.8088,,,
1924-12-01,5.9709,,,
1925-01-01,6.16,,,
1925-02-01,6.16,,,
1925-03-01,6.16,,,
1925-04-01,6.214,,,
1925-05-01,6.187,,,
1925-06-01,6.133,,,
1925-07-01,6.2951,,,
1925-08-01,6.187,,,
1925-09-01,6.106,,,
1925-10-01,6.3491,,,
1925-11-01,6.4842,,,
1925-12-01,6.5652,,,
1926-01-01,6.4572,,,
1926-02-01,6.4572,,,
1926-03-01,6.5382,,,
1926-04-01,6.5382,,,
1926-05-01,6.4842,,,
1926-06-01,6.5652,,,
1926-07-01,6.5923,,,
1926-08-01,6.6733,,,
1926-09-01,6.7814,,,
1926-10-01,6.7814,,,
1926-11-01,6.7544,,,
1926-12-01,6.7274,,,
1927-01-01,6.7003,,,
1927-02-01,6.7544,,,
1927-03-01,6.8354,,,
1927-04-01,6.6733,,,
1927-05-01,6.7274,,,
1927-06-01,6.7003,,,
1927-07-01,6.6193,,,
1927-08-01,6.6193,,,
1927-09-01,6.5112,,,
1927-10-01,6.3761,,,
1927-11-01,6.3761,,,
1927-12-01,6.4031,,,
1928-01-01,6.5382,,,
1928-02-01,6.5923,,,
1928-03-01,6.6463,,,
1928-04-01,6.6193,,,
1928-05-01,6.7003,,,
1928-06-01,6.7544,,,
1928-07-01,6.8354,,,
1928-08-01,6.9705,,,
1928-09-01,7.0245,,,
1928-10-01,7.1596,,,
1928-11-01,7.2947,,,
1928-12-01,7.4298,,,
1929-01-01,7.5379,,,
1929-02-01,7.5109,,,
1929-03-01,7.5379,,,
1929-04-01,7.673,,,
1929-05-01,7.8081,,,
1929-06-01,7.8621,,,
1929-07-01,7.9702,,,
1929-08-01,7.8891,,,
1929-09-01,7.8351,,,
1929-10-01,7.7,,,
1929-11-01,7.3217,,,
1929-12-01,6.9975,,,
1930-01-01,6.9975,,,
1930-02-01,6.9705,,,
1930-03-01,6.8624,,,
1930-04-01,6.8084,,,
1930-05-01,6.7003,,,
1930-06-01,6.5112,,,
1930-07-01,6.214,,,
1930-08-01,6.0789,,,
1930-09-01,5.9709,,,
1930-10-01,5.8088,,,
1930-11-01,5.6737,,,
1930-12-01,5.5386,,,
1931-01-01,5.5116,,,
1931-02-01,5.5386,,,
1931-03-01,5.6467,,,
1931-04-01,5.6737,,,
1931-05-01,5.5926,,,
1931-06-01,5.4575,,,
1931-07-01,5.3765,,,
1931-08-01,5.1874,,,
1931-09-01,4.9442,,,
1931-10-01,4.7551,,,
1931-11-01,4.701,,,
1931-12-01,4.674,,,
1932-01-01,4.5389,,,
1932-02-01,4.4309,,,
1932-03-01,4.3768,,,
1932-04-01,4.0796,,,
1932-05-01,3.9446,,,
1932-06-01,3.8095,,,
1932-07-01,3.7014,,,
1932-08-01,3.8095,,,
1932-09-01,4.0526,,,
1932-10-01,4.1877,,,
1932-11-01,4.1877,,,
1932-12-01,4.1067,,,
1933-01-01,4.0256,,,
1933-02-01,4.0526,,,
1933-03-01,3.8095,,,
1933-04-01,4.0796,,,
1933-05-01,4.7551,,,
1933-06-01,5.4846,,,
1933-07-01,5.9979,,,
1933-08-01,5.7547,,,
1933-09-01,5.4305,,,
1933-10-01,5.1603,,,
1933-11-01,4.8631,,,
1933-12-01,4.8902,,,
1934-01-01,5.0523,,,
1934-02-01,5.2954,,,
1934-03-01,5.5386,,,
1934-04-01,5.5386,,,
1934-05-01,5.6467,,,
1934-06-01,5.5386,,,
1934-07-01,5.1603,,,
1934-08-01,5.1063,,,
1934-09-01,4.8091,,,
1934-10-01,5.0253,,,
1934-11-01,5.0793,,,
1934-12-01,5.4035,,,
1935-01-01,5.8358,,,
1935-02-01,5.9438,,,
1935-03-01,5.9168,,,
1935-04-01,5.8088,,,
1935-05-01,5.8088,,,
1935-06-01,5.8898,,,
1935-07-01,5.8898,,,
1935-08-01,6.1059,,,
1935-09-01,6.2681,,,
1935-10-01,6.4572,,,
1935-11-01,6.5923,,,
1935-12-01,6.6733,,,
1936-01-01,6.5652,,,
1936-02-01,6.4031,,,
1936-03-01,6.4842,,,
1936-04-01,6.8895,,,
1936-05-01,7.0245,,,
1936-06-01,7.1596,,,
1936-07-01,7.2947,,,
1936-08-01,7.4028,,,
1936-09-01,7.5379,,,
1936-10-01,7.6459,,,
1936-11-01,7.8621,,,
1936-12-01,8.1052,,,
1937-01-01,8.0782,,,
1937-02-01,8.1863,,,
1937-03-01,8.3754,,,
1937-04-01,8.3754,,,
1937-05-01,8.4024,,,
1937-06-01,8.2944,,,
1937-07-01,8.3484,,,
1937-08-01,8.2944,,,
1937-09-01,8.0242,,,
1937-10-01,7.4298,,,
1937-11-01,6.7003,,,
1937-12-01,6.1059,,,
1938-01-01,5.9709,,,
1938-02-01,5.9168,,,
1938-03-01,5.9168,,,
1938-04-01,5.8088,,,
1938-05-01,5.6737,,,
1938-06-01,5.7277,,,
1938-07-01,6.0519,,,
1938-08-01,6.3761,,,
1938-09-01,6.5652,,,
1938-10-01,6.7274,,,
1938-11-01,6.9975,,,
1938-12-01,7.0786,,,
1939-01-01,7.0786,,,
1939-02-01,7.1326,,,
1939-03-01,7.1596,,,
1939-04-01,7.1326,,,
1939-05-01,7.1056,,,
1939-06-01,7.2677,,,
1939-07-01,7.4838,,,
1939-08-01,7.5919,,,
1939-09-01,8.0512,,,
1939-10-01,8.4565,,,
1939-11-01,8.6726,,,
1939-12-01,8.6726,,,
1940-01-01,8.5645,,,
1940-02-01,8.2944,,,
1940-03-01,8.1052,,,
1940-04-01,8.2673,,,
1940-05-01,8.5105,,,
1940-06-01,8.7807,,,
1940-07-01,8.8888,,,
1940-08-01,8.9428,,,
1940-09-01,9.1319,,,
1940-10-01,9.267,,,
1940-11-01,9.4831,,,
1940-12-01,9.8073,,,
1941-01-01,10.0505,,,
1941-02-01,10.3477,,,
1941-03-01,10.6719,,,
1941-04-01,10.6989,,,
1941-05-01,11.1852,,,
1941-06-01,11.2663,,,
1941-07-01,11.4014,,,
1941-08-01,11.5365,,,
1941-09-01,11.5365,,,
1941-10-01,11.6445,,,
1941-11-01,11.6986,,,
1941-12-01,11.8877,,,
1942-01-01,12.1309,,,
1942-02-01,12.347,,,
1942-03-01,12.4821,,,
1942-04-01,12.1308,,,
1942-05-01,12.1579,,,
1942-06-01,12.1849,,,
1942-07-01,12.4821,,,
1942-08-01,12.8603,,,
1942-09-01,13.1575,,,
1942-10-01,13.5898,,,
1942-11-01,13.914,,,
1942-12-01,14.2382,,,
1943-01-01,14.3733,,,
1943-02-01,14.7515,,,
1943-03-01,14.8596,,,
1943-04-01,15.0487,,,
1943-05-01,15.1568,,,
1943-06-01,15.0758,,,
1943-07-01,15.535,,,
1943-08-01,15.8592,,,
1943-09-01,16.2645,,,
1943-10-01,16.5077,,,
1943-11-01,16.7238,,,
1943-12-01,16.5077,,,
1944-01-01,16.6968,,,
1944-02-01,16.8319,,,
1944-03-01,16.8049,,,
1944-04-01,16.8049,,,
1944-05-01,16.6968,,,
1944-06-01,16.6428,,,
1944-07-01,16.6158,,,
1944-08-01,16.8319,,,
1944-09-01,16.7238,,,
1944-10-01,16.7779,,,
1944-11-01,16.6428,,,
1944-12-01,16.5887,,,
1945-01-01,16.4266,,,
1945-02-01,16.3726,,,
1945-03-01,16.2645,,,
1945-04-01,15.9673,,,
1945-05-01,15.5351,,,
1945-06-01,15.1838,,,
1945-07-01,14.8326,,,
1945-08-01,13.2926,,,
1945-09-01,12.1038,,,
1945-10-01,11.6175,,,
1945-11-01,12.0498,,,
1945-12-01,12.1038,,,
1946-01-01,11.4284,,,
1946-02-01,10.861,,,
1946-03-01,11.9958,,,
1946-04-01,11.7796,,,
1946-05-01,11.3473,,,
1946-06-01,12.0498,,,
1946-07-01,12.4551,,,
1946-08-01,12.9144,,,
1946-09-01,13.1575,,,
1946-10-01,13.4007,,,
1946-11-01,13.4817,,,
1946-12-01,13.5628,,,
1947-01-01,13.7249,,21.48,
1947-02-01,13.8059,,21.62,
1947-03-01,13.887,,22.0,
1947-04-01,13.7789,,22.0,
1947-05-01,13.8329,,21.95,
1947-06-01,13.833,,22.08,
1947-07-01,13.7519,,22.23,
1947-08-01,13.833,,22.4,
1947-09-01,13.941,,22.84,
1947-10-01,14.0761,,22.91,
1947-11-01,14.2652,,23.06,
1947-12-01,14.3193,,23.41,
1948-01-01,14.4003,3.4,23.68,
1948-02-01,14.4274,3.8,23.67,
1948-03-01,14.2652,4.0,23.5,
1948-04-01,14.2922,3.9,23.82,
1948-05-01,14.5354,3.5,24.01,
1948-06-01,14.7245,3.6,24.15,
1948-07-01,14.7245,3.6,24.4,
1948-08-01,14.6705,3.9,24.43,
1948-09-01,14.5624,3.8,24.36,
1948-10-01,14.6705,3.7,24.31,
1948-11-01,14.4814,3.8,24.16,
1948-12-01,14.3463,4.0,24.05,
1949-01-01,14.2112,4.3,24.01,
1949-02-01,14.0761,4.7,23.91,
1949-03-01,13.8059,5.0,23.91,
1949-04-01,13.7249,5.3,23.92,
1949-05-01,13.5358,6.1,23.91,
1949-06-01,13.5087,6.2,23.92,
1949-07-01,13.4817,6.7,23.7,
1949-08-01,13.6168,6.8,23.7,
1949-09-01,13.7519,6.6,23.75,
1949-10-01,13.2386,7.9,23.67,
1949-11-01,13.5898,6.4,23.7,
1949-12-01,13.833,6.6,23.61,
1950-01-01,14.0761,6.5,23.51,
1950-02-01,14.1302,6.4,23.61,
1950-03-01,14.5894,6.3,23.64,
1950-04-01,15.0757,5.8,23.65,
1950-05-01,15.427,5.5,23.77,
1950-06-01,15.8863,5.4,23.88,
1950-07-01,16.3996,5.0,24.07,
1950-08-01,16.9129,4.5,24.2,
1950-09-01,16.8049,4.4,24.34,
1950-10-01,16.9129,4.2,24.5,
1950-11-01,16.8859,4.2,24.6,
1950-12-01,17.1831,4.3,24.98,
1951-01-01,17.2371,3.7,25.38,
1951-02-01,17.3452,3.4,25.83,
1951-03-01,17.4263,3.4,25.88,
1951-04-01,17.4533,3.1,25.92,
1951-05-01,17.3993,3.0,25.99,
1951-06-01,17.3182,3.2,25.93,
1951-07-01,17.048,3.1,25.91,
1951-08-01,16.8859,3.1,25.86,
1951-09-01,16.994,3.3,26.03,
1951-10-01,16.967,3.5,26.16,
1951-11-01,17.1021,3.5,26.32,
1951-12-01,17.2101,3.1,26.47,
1952-01-01,17.3993,3.2,26.45,
1952-02-01,17.5073,3.1,26.41,
1952-03-01,17.5614,2.9,26.39,
1952-04-01,17.3993,2.9,26.46,
1952-05-01,17.2372,3.0,26.47,
1952-06-01,17.075,3.0,26.53,
1952-07-01,16.8049,3.2,26.68,
1952-08-01,17.8856,3.4,26.69,
1952-09-01,18.534,3.1,26.63,
1952-10-01,18.7231,3.0,26.69,
1952-11-01,19.1014,2.8,26.69,
1952-12-01,19.2094,2.7,26.71,
1953-01-01,19.2635,2.9,26.64,
1953-02-01,19.3715,2.6,26.59,
1953-03-01,19.5337,2.6,26.63,
1953-04-01,19.6147,2.7,26.69,
1953-05-01,19.7228,2.5,26.7,
1953-06-01,19.6417,2.5,26.77,
1953-07-01,19.8849,2.6,26.79,
1953-08-01,19.7768,2.7,26.85,
1953-09-01,19.3715,2.9,26.89,
1953-10-01,19.2094,3.1,26.95,
1953-11-01,18.7501,3.5,26.85,
1953-12-01,18.2908,4.5,26.87,
1954-01-01,18.1557,4.9,26.94,
1954-02-01,18.2098,5.2,26.99,
1954-03-01,18.1017,5.7,26.93,
1954-04-01,17.9936,5.9,26.86,
1954-05-01,18.1017,5.9,26.93,
1954-06-01,18.1558,5.6,26.94,
1954-07-01,18.1828,5.8,26.86,0.8
1954-08-01,18.1557,6.0,26.85,1.22
1954-09-01,18.1828,6.1,26.81,1.07
1954-10-01,18.3989,5.7,26.72,0.85
1954-11-01,18.6961,5.3,26.78,0.83
1954-12-01,18.9392,5.0,26.77,1.28
1955-01-01,19.3715,4.9,26.77,1.39
1955-02-01,19.6147,4.7,26.82,1.29
1955-03-01,20.074,4.6,26.79,1.35
1955-04-01,20.3172,4.7,26.79,1.43
1955-05-01,20.6413,4.3,26.77,1.43
1955-06-01,20.6684,4.2,26.71,1.64
1955-07-01,20.8305,4.0,26.76,1.68
1955-08-01,20.8035,4.2,26.72,1.96
1955-09-01,20.9386,4.1,26.85,2.18
1955-10-01,21.2898,4.3,26.82,2.24
1955-11-01,21.3438,4.2,26.88,2.35
1955-12-01,21.4249,4.2,26.87,2.48
1956-01-01,21.56,4.0,26.83,2.45
1956-02-01,21.3708,3.9,26.86,2.5
1956-03-01,21.3708,4.2,26.89,2.5
1956-04-01,21.5329,4.0,26.93,2.62
1956-05-01,21.3438,4.3,27.03,2.75
1956-06-01,21.1547,4.3,27.15,2.71
1956-07-01,20.5063,4.4,27.29,2.75
1956-08-01,21.3438,4.1,27.31,2.73
1956-09-01,21.8301,3.9,27.35,2.95
1956-10-01,22.0192,3.9,27.51,2.96
1956-11-01,21.8301,4.3,27.51,2.88
1956-12-01,22.1543,4.2,27.63,2.94
1957-01-01,22.0733,4.2,27.67,2.84
1957-02-01,22.2894,3.9,27.8,3.0
1957-03-01,22.2624,3.7,27.86,2.96
1957-04-01,21.9652,3.9,27.93,3.0
1957-05-01,21.8842,4.1,28.0,3.0
1957-06-01,21.9382,4.3,28.11,3.0
1957-07-01,22.0733,4.2,28.19,2.99
1957-08-01,22.0733,4.1,28.28,3.24
1957-09-01,21.8842,4.4,28.32,3.47
1957-10-01,21.5599,4.5,28.32,3.5
1957-11-01,21.0466,5.1,28.41,3.28
1957-12-01,20.6414,5.2,28.47,2.98
1958-01-01,20.2631,5.8,28.64,2.72
1958-02-01,19.8308,6.4,28.7,1.67
1958-03-01,19.5877,6.7,28.87,1.2
1958-04-01,19.2635,7.4,28.94,1.26
1958-05-01,19.4526,7.4,28.94,0.63
1958-06-01,19.9659,7.3,28.91,0.93
1958-07-01,20.2631,7.5,28.89,0.68
1958-08-01,20.6684,7.4,28.94,1.53
1958-09-01,20.8575,7.1,28.91,1.76
1958-10-01,21.1007,6.7,28.91,1.8
1958-11-01,21.7221,6.2,28.95,2.27
1958-12-01,21.7491,6.2,28.97,2.42
1959-01-01,22.0733,6.0,29.01,2.48
1959-02-01,22.5056,5.9,29.0,2.43
1959-03-01,22.8298,5.6,28.97,2.8
1959-04-01,23.3161,5.2,28.98,2.96
1959-05-01,23.6673,5.1,29.04,2.9
1959-06-01,23.6944,5.0,29.11,3.39
1959-07-01,23.127,5.1,29.15,3.47
1959-08-01,22.3435,5.2,29.18,3.5
1959-09-01,22.3165,5.5,29.25,3.76
1959-10-01,22.1544,5.7,29.35,3.98
1959-11-01,22.2894,5.8,29.35,4.0
1959-12-01,23.6673,5.3,29.41,3.99
1960-01-01,24.2887,5.2,29.37,3.99
1960-02-01,24.0726,4.8,29.41,3.97
1960-03-01,23.8565,5.4,29.41,3.84
1960-04-01,23.6673,5.2,29.54,3.92
1960-05-01,23.6403,5.1,29.57,3.85
1960-06-01,23.3431,5.4,29.61,3.32
1960-07-01,23.2621,5.5,29.55,3.23
1960-08-01,23.235,5.6,29.61,2.98
1960-09-01,22.9919,5.5,29.61,2.6
1960-10-01,22.9649,6.1,29.75,2.47
1960-11-01,22.6407,6.1,29.78,2.44
1960-12-01,22.2084,6.6,29.81,1.98
1961-01-01,22.2354,6.6,29.84,1.45
1961-02-01,22.2084,6.9,29.84,2.54
1961-03-01,22.3435,6.9,29.84,2.02
1961-04-01,22.8028,7.0,29.81,1.49
1961-05-01,23.154,7.1,29.84,1.98
1961-06-01,23.4782,6.9,29.84,1.73
1961-07-01,23.7484,7.0,29.92,1.17
1961-08-01,23.9645,6.6,29.94,2.0
1961-09-01,23.9375,6.7,29.98,1.88
1961-10-01,24.3968,6.5,29.98,2.26
1961-11-01,24.775,6.1,29.98,2.61
1961-12-01,24.9912,6.0,30.01,2.33
1962-01-01,24.775,5.8,30.04,2.15
1962-02-01,25.1803,5.5,30.11,2.37
1962-03-01,25.3154,5.6,30.17,2.85
1962-04-01,25.3694,5.6,30.21,2.78
1962-05-01,25.3424,5.5,30.24,2.36
1962-06-01,25.2884,5.5,30.21,2.68
1962-07-01,25.5315,5.4,30.22,2.71
1962-08-01,25.5585,5.7,30.28,2.93
1962-09-01,25.7206,5.6,30.42,2.9
1962-10-01,25.7477,5.4,30.38,2.9
1962-11-01,25.8557,5.7,30.38,2.94
1962-12-01,25.8557,5.5,30.38,2.93
1963-01-01,26.0448,5.7,30.44,2.92
1963-02-01,26.3421,5.9,30.48,3.0
1963-03-01,26.5042,5.7,30.51,2.98
1963-04-01,26.7473,5.7,30.48,2.9
1963-05-01,27.0715,5.9,30.51,3.0
1963-06-01,27.1526,5.6,30.61,2.99
1963-07-01,27.0445,5.6,30.69,3.02
1963-08-01,27.0985,5.4,30.75,3.49
1963-09-01,27.3687,5.5,30.72,3.48
1963-10-01,27.5578,5.5,30.75,3.5
1963-11-01,27.6929,5.7,30.78,3.48
1963-12-01,27.6389,5.5,30.88,3.38
1964-01-01,27.882,5.6,30.94,3.48
1964-02-01,28.0712,5.4,30.91,3.48
1964-03-01,28.0712,5.4,30.94,3.43
1964-04-01,28.5305,5.3,30.95,3.47
1964-05-01,28.6926,5.1,30.98,3.5
1964-06-01,28.7736,5.2,31.01,3.5
1964-07-01,28.9627,4.9,31.02,3.42
1964-08-01,29.1519,5.0,31.05,3.5
1964-09-01,29.2599,5.1,31.08,3.45
1964-10-01,28.8547,5.1,31.12,3.36
1964-11-01,29.7463,4.8,31.21,3.52
1964-12-01,30.0975,5.0,31.25,3.85
1965-01-01,30.4217,4.9,31.28,3.9
1965-02-01,30.6108,5.1,31.28,3.98
1965-03-01,31.0161,4.7,31.31,4.05
1965-04-01,31.1512,4.8,31.38,4.09
1965-05-01,31.3943,4.6,31.48,4.1
1965-06-01,31.6375,4.6,31.61,4.05
1965-07-01,31.9347,4.4,31.58,4.09
1965-08-01,32.0698,4.4,31.55,4.12
1965-09-01,32.1508,4.3,31.62,4.02
1965-10-01,32.475,4.2,31.65,4.08
1965-11-01,32.6101,4.1,31.75,4.1
1965-12-01,33.0154,4.0,31.85,4.32
1966-01-01,33.3396,4.0,31.88,4.42
1966-02-01,33.5557,3.8,32.08,4.6
1966-03-01,34.015,3.8,32.18,4.66
1966-04-01,34.0691,3.8,32.28,4.67
1966-05-01,34.3933,3.9,32.35,4.9
1966-06-01,34.5553,3.8,32.38,5.17
1966-07-01,34.7445,3.8,32.45,5.3
1966-08-01,34.7715,3.8,32.65,5.53
1966-09-01,35.0957,3.7,32.75,5.4
1966-10-01,35.3389,3.7,32.85,5.53
1966-11-01,35.0957,3.6,32.88,5.76
1966-12-01,35.1768,3.8,32.92,5.4
1967-01-01,35.3427,3.9,32.9,4.94
1967-02-01,34.9419,3.8,33.0,5.0
1967-03-01,34.7449,3.8,33.0,4.53
1967-04-01,35.0726,3.8,33.1,4.05
1967-05-01,34.7666,3.8,33.1,3.94
1967-06-01,34.7623,3.9,33.3,3.98
1967-07-01,34.6831,3.8,33.4,3.79
1967-08-01,35.3476,3.8,33.5,3.9
1967-09-01,35.2902,3.8,33.6,3.99
1967-10-01,35.5776,4.0,33.7,3.88
1967-11-01,36.0864,3.9,33.9,4.13
1967-12-01,36.4751,3.8,34.0,4.51
1968-01-01,36.4358,3.7,34.1,4.61
1968-02-01,36.5664,3.8,34.2,4.71
1968-03-01,36.6805,3.7,34.3,5.05
1968-04-01,36.7336,3.5,34.4,5.76
1968-05-01,37.1457,3.5,34.5,6.12
1968-06-01,37.2821,3.7,34.7,6.07
1968-07-01,37.2249,3.7,34.9,6.03
1968-08-01,37.3288,3.5,35.0,6.03
1968-09-01,37.4702,3.4,35.1,5.78
1968-10-01,37.5446,3.4,35.3,5.91
1968-11-01,38.0302,3.4,35.4,5.82
1968-12-01,38.1503,3.4,35.6,6.02
1969-01-01,38.3811,3.4,35.7,6.3
1969-02-01,38.6268,3.4,35.8,6.61
1969-03-01,38.9297,3.4,36.1,6.79
1969-04-01,38.7864,3.4,36.3,7.41
1969-05-01,38.6398,3.4,36.4,8.67
1969-06-01,39.0173,3.5,36.6,8.9
1969-07-01,39.2233,3.5,36.8,8.61
1969-08-01,39.3134,3.5,36.9,9.19
1969-09-01,39.3046,3.7,37.1,9.15
1969-10-01,39.3161,3.7,37.3,9.0
1969-11-01,38.9455,3.5,37.5,8.85
1969-12-01,38.841,3.5,37.7,8.97
1970-01-01,38.1217,3.9,37.9,8.98
1970-02-01,38.0966,4.2,38.1,8.98
1970-03-01,38.0472,4.4,38.3,7.76
1970-04-01,37.9493,4.6,38.5,8.1
1970-05-01,37.9051,4.8,38.6,7.95
1970-06-01,37.7825,4.9,38.8,7.61
1970-07-01,37.8753,5.0,38.9,7.21
1970-08-01,37.8077,5.1,39.0,6.62
1970-09-01,37.5471,5.4,39.2,6.29
1970-10-01,36.796,5.5,39.4,6.2
1970-11-01,36.5732,5.9,39.6,5.6
1970-12-01,37.4131,6.1,39.8,4.9
1971-01-01,37.7008,5.9,39.9,4.14
1971-02-01,37.629,5.9,39.9,3.72
1971-03-01,37.5883,6.0,40.0,3.71
1971-04-01,37.7993,5.9,40.1,4.16
1971-05-01,37.9911,5.9,40.3,4.63
1971-06-01,38.1505,5.9,40.5,4.91
1971-07-01,38.0397,6.0,40.6,5.31
1971-08-01,37.819,6.1,40.7,5.57
1971-09-01,38.4336,6.0,40.8,5.55
1971-10-01,38.7213,5.8,40.9,5.2
1971-11-01,38.8856,6.0,41.0,4.91
1971-12-01,39.3345,6.0,41.1,4.14
1972-01-01,40.2751,5.8,41.2,3.51
1972-02-01,40.6932,5.7,41.4,3.3
1972-03-01,40.9766,5.8,41.4,3.83
1972-04-01,41.3843,5.7,41.5,4.17
1972-05-01,41.39,5.7,41.6,4.27
1972-06-01,41.4898,5.7,41.7,4.46
1972-07-01,41.4485,5.6,41.8,4.55
1972-08-01,42.0158,5.6,41.9,4.81
1972-09-01,42.3429,5.5,42.1,4.87
1972-10-01,42.8745,5.6,42.2,5.05
1972-11-01,43.3834,5.3,42.4,5.06
1972-12-01,43.8725,5.2,42.5,5.33
1973-01-01,44.1952,4.9,42.7,5.94
1973-02-01,44.8299,5.0,43.0,6.58
1973-03-01,44.8444,4.9,43.4,7.09
1973-04-01,44.7876,5.0,43.7,7.12
1973-05-01,45.0922,4.9,43.9,7.84
1973-06-01,45.1372,4.9,44.2,8.49
1973-07-01,45.3163,4.8,44.2,10.4
1973-08-01,45.2482,4.8,45.0,10.5
1973-09-01,45.6148,4.8,45.2,10.78
1973-10-01,45.9627,4.6,45.6,10.01
1973-11-01,46.1781,4.8,45.9,10.03
1973-12-01,46.0553,4.9,46.3,9.95
1974-01-01,45.7415,5.1,46.8,9.65
1974-02-01,45.6029,5.2,47.3,8.97
1974-03-01,45.6093,5.1,47.8,9.35
1974-04-01,45.4865,5.1,48.1,10.51
1974-05-01,45.8299,5.1,48.6,11.31
1974-06-01,45.7552,5.4,49.0,11.93
1974-07-01,45.828,5.5,49.3,12.92
1974-08-01,45.3423,5.5,49.9,12.01
1974-09-01,45.3551,5.9,50.6,11.34
1974-10-01,45.2077,6.0,51.0,10.06
1974-11-01,43.7312,6.6,51.5,9.45
1974-12-01,42.1667,7.2,51.9,8.53
1975-01-01,41.588,8.1,52.3,7.13
1975-02-01,40.6296,8.1,52.6,6.24
1975-03-01,40.1811,8.6,52.8,5.54
1975-04-01,40.26,8.8,53.0,5.49
1975-05-01,40.1391,9.0,53.1,5.22
1975-06-01,40.3939,8.8,53.5,5.55
1975-07-01,40.791,8.6,54.0,6.1
1975-08-01,41.2089,8.4,54.2,6.14
1975-09-01,41.7455,8.4,54.6,6.24
1975-10-01,41.9223,8.4,54.9,5.82
1975-11-01,41.9745,8.3,55.3,5.22
1975-12-01,42.5521,8.2,55.6,5.2
1976-01-01,43.1271,7.9,55.8,4.87
1976-02-01,43.5561,7.7,55.9,4.77
1976-03-01,43.6464,7.6,56.0,4.84
1976-04-01,43.8709,7.7,56.1,4.82
1976-05-01,44.055,7.4,56.4,5.29
1976-06-01,44.0988,7.6,56.7,5.48
1976-07-01,44.3519,7.8,57.0,5.31
1976-08-01,44.6538,7.8,57.3,5.29
1976-09-01,44.7817,7.6,57.6,5.25
1976-10-01,44.783,7.7,57.9,5.02
1976-11-01,45.4764,7.8,58.1,4.95
1976-12-01,45.9469,7.8,58.4,4.65
1977-01-01,45.6487,7.5,58.7,4.61
1977-02-01,46.3805,7.6,59.3,4.68
1977-03-01,46.9566,7.4,59.6,4.69
1977-04-01,47.4185,7.2,60.0,4.73
1977-05-01,47.7834,7.0,60.2,5.35
1977-06-01,48.1403,7.2,60.5,5.39
1977-07-01,48.1927,6.9,60.8,5.42
1977-08-01,48.2499,7.0,61.1,5.9
1977-09-01,48.4515,6.8,61.3,6.14
1977-10-01,48.5177,6.8,61.6,6.47
1977-11-01,48.6111,6.8,62.0,6.51
1977-12-01,48.6743,6.4,62.3,6.56
1978-01-01,47.9744,6.4,62.7,6.7
1978-02-01,48.2322,6.3,63.0,6.78
1978-03-01,49.1693,6.3,63.4,6.79
1978-04-01,50.1546,6.1,63.9,6.89
1978-05-01,50.3971,6.0,64.5,7.36
1978-06-01,50.7005,5.9,65.0,7.6
1978-07-01,50.6512,6.2,65.5,7.81
1978-08-01,50.8676,5.9,65.9,8.04
1978-09-01,51.0077,6.0,66.5,8.45
1978-10-01,51.3902,5.8,67.1,8.96
1978-11-01,51.781,5.9,67.5,9.76
1978-12-01,52.0449,6.0,67.9,10.03
1979-01-01,51.7484,5.9,68.5,10.07
1979-02-01,52.0053,5.9,69.2,10.06
1979-03-01,52.1613,5.8,69.9,10.09
1979-04-01,51.5654,5.8,70.6,10.01
1979-05-01,52.0022,5.6,71.4,10.24
1979-06-01,52.008,5.7,72.2,10.29
1979-07-01,51.9231,5.7,73.0,10.47
1979-08-01,51.5966,6.0,73.7,10.94
1979-09-01,51.5842,5.9,74.4,11.43
1979-10-01,51.9405,6.0,75.2,13.77
1979-11-01,51.8626,5.9,76.0,13.18
1979-12-01,51.9025,6.0,76.9,13.78
1980-01-01,52.1712,6.3,78.0,13.82
1980-02-01,52.1976,6.3,79.0,14.13
1980-03-01,51.9834,6.3,80.1,17.19
1980-04-01,50.9746,6.9,80.9,17.61
1980-05-01,49.7086,7.5,81.7,10.98
1980-06-01,49.0754,7.6,82.5,9.47
1980-07-01,48.7001,7.8,82.6,9.03
1980-08-01,48.8535,7.7,83.2,9.61
1980-09-01,49.6791,7.5,83.9,10.87
1980-10-01,50.3058,7.5,84.7,12.81
1980-11-01,51.1348,7.5,85.6,15.85
1980-12-01,51.4875,7.2,86.4,18.9
1981-01-01,51.1668,7.5,87.2,19.08
1981-02-01,50.9509,7.4,88.0,15.93
1981-03-01,51.2066,7.4,88.6,14.7
1981-04-01,50.9711,7.2,89.1,15.72
1981-05-01,51.2645,7.5,89.7,18.52
1981-06-01,51.5247,7.5,90.5,19.1
1981-07-01,51.8727,7.2,91.5,19.04
1981-08-01,51.8156,7.4,92.2,17.82
1981-09-01,51.5692,7.6,93.1,15.87
1981-10-01,51.1851,7.9,93.4,15.08
1981-11-01,50.5914,8.3,93.8,13.31
1981-12-01,50.053,8.5,94.1,12.37
1982-01-01,49.0358,8.6,94.4,13.22
1982-02-01,50.0309,8.9,94.7,14.78
1982-03-01,49.6876,9.0,94.7,14.68
1982-04-01,49.2266,9.3,95.0,14.94
1982-05-01,48.8924,9.4,95.9,14.45
1982-06-01,48.7588,9.6,97.0,14.15
1982-07-01,48.5887,9.8,97.5,12.59
1982-08-01,48.1582,9.8,97.7,10.12
1982-09-01,48.0164,10.1,97.7,10.31
1982-10-01,47.571,10.4,98.1,9.71
1982-11-01,47.4235,10.8,98.0,9.2
1982-12-01,47.0712,10.8,97.7,8.95
1983-01-01,47.9518,10.4,97.9,8.68
1983-02-01,47.6648,10.4,98.0,8.51
1983-03-01,48.054,10.3,98.1,8.77
1983-04-01,48.6536,10.2,98.8,8.8
1983-05-01,48.9668,10.1,99.2,8.63
1983-06-01,49.251,10.1,99.4,8.98
1983-07-01,49.9861,9.4,99.8,9.37
1983-08-01,50.5862,9.5,100.1,9.56
1983-09-01,51.3227,9.2,100.4,9.45
1983-10-01,51.714,8.8,100.8,9.48
1983-11-01,51.9425,8.5,101.1,9.34
1983-12-01,52.1897,8.3,101.4,9.47
1984-01-01,53.2371,8.0,102.1,9.56
1984-02-01,53.4741,7.8,102.6,9.59
1984-03-01,53.7313,7.8,102.9,9.91
1984-04-01,54.0454,7.7,103.3,10.29
1984-05-01,54.3263,7.4,103.5,10.32
1984-06-01,54.5095,7.2,103.7,11.06
1984-07-01,54.6658,7.5,104.1,11.23
1984-08-01,54.7307,7.5,104.4,11.64
1984-09-01,54.5783,7.3,104.7,11.3
1984-10-01,54.5549,7.4,105.1,9.99
1984-11-01,54.74,7.2,105.3,9.43
1984-12-01,54.7733,7.3,105.5,8.38
1985-01-01,54.7203,7.3,105.7,8.35
1985-02-01,54.91,7.2,106.3,8.5
1985-03-01,54.9841,7.2,106.8,8.58
1985-04-01,54.8853,7.3,107.0,8.27
1985-05-01,54.952,7.2,107.2,7.97
1985-06-01,54.9269,7.4,107.5,7.53
1985-07-01,54.642,7.4,107.7,7.88
1985-08-01,54.8269,7.1,107.9,7.9
1985-09-01,55.0447,7.1,108.1,7.92
1985-10-01,54.8418,7.1,108.5,7.99
1985-11-01,55.0381,7.0,109.0,8.05
1985-12-01,55.5958,7.0,109.5,8.27
1986-01-01,55.8793,6.7,109.9,8.14
1986-02-01,55.4963,7.2,109.7,7.86
1986-03-01,55.097,7.2,109.1,7.48
1986-04-01,55.16,7.1,108.7,6.99
1986-05-01,55.2556,7.2,109.0,6.85
1986-06-01,55.0449,7.2,109.4,6.92
1986-07-01,55.3725,7.0,109.5,6.56
1986-08-01,55.2845,6.9,109.6,6.17
1986-09-01,55.4459,7.0,110.0,5.89
1986-10-01,55.6766,7.0,110.2,5.85
1986-11-01,55.8828,6.9,110.4,6.04
1986-12-01,56.4269,6.6,110.8,6.91
1987-01-01,56.2123,6.6,111.4,6.43
1987-02-01,56.9589,6.6,111.8,6.1
1987-03-01,57.0365,6.6,112.2,6.13
1987-04-01,57.3995,6.3,112.7,6.37
1987-05-01,57.7653,6.3,113.0,6.85
1987-06-01,58.0726,6.2,113.5,6.73
1987-07-01,58.4772,6.1,113.8,6.58
1987-08-01,58.9076,6.0,114.3,6.73
1987-09-01,59.1237,5.9,114.7,7.22
1987-10-01,59.9408,6.0,115.0,7.29
1987-11-01,60.2323,5.8,115.4,6.69
1987-12-01,60.5629,5.7,115.6,6.77
1988-01-01,60.564,5.7,116.0,6.83
1988-02-01,60.8632,5.7,116.2,6.58
1988-03-01,61.0006,5.7,116.5,6.58
1988-04-01,61.3536,5.4,117.2,6.87
1988-05-01,61.2454,5.6,117.5,7.09
1988-06-01,61.4107,5.4,118.0,7.51
1988-07-01,61.4169,5.4,118.5,7.75
1988-08-01,61.7365,5.6,119.0,8.01
1988-09-01,61.5395,5.4,119.5,8.19
1988-10-01,61.7996,5.4,119.9,8.3
1988-11-01,61.9552,5.3,120.3,8.35
1988-12-01,62.2362,5.3,120.7,8.76
1989-01-01,62.4165,5.4,121.2,9.12
1989-02-01,62.1423,5.2,121.6,9.36
1989-03-01,62.3049,5.0,122.2,9.85
1989-04-01,62.2966,5.2,123.1,9.84
1989-05-01,61.9483,5.2,123.7,9.81
1989-06-01,61.9423,5.3,124.1,9.53
1989-07-01,61.3334,5.2,124.5,9.24
1989-08-01,61.9394,5.2,124.5,8.99
1989-09-01,61.7394,5.3,124.8,9.02
1989-10-01,61.6605,5.3,125.4,8.84
1989-11-01,61.8627,5.4,125.9,8.55
1989-12-01,62.2192,5.4,126.3,8.45
1990-01-01,61.9021,5.4,127.5,8.23
1990-02-01,62.464,5.3,128.0,8.24
1990-03-01,62.7645,5.2,128.6,8.28
1990-04-01,62.6499,5.4,128.9,8.26
1990-05-01,62.8126,5.4,129.1,8.18
1990-06-01,63.0256,5.2,129.9,8.29
1990-07-01,62.9353,5.5,130.5,8.15
1990-08-01,63.172,5.7,131.6,8.13
1990-09-01,63.1832,5.9,132.5,8.2
1990-10-01,62.7886,5.9,133.4,8.11
1990-11-01,62.0154,6.2,133.7,7.81
1990-12-01,61.5915,6.3,134.2,7.31
1991-01-01,61.3624,6.4,134.7,6.91
1991-02-01,60.9255,6.6,134.8,6.25
1991-03-01,60.5853,6.8,134.8,6.12
1991-04-01,60.7604,6.7,135.1,5.91
1991-05-01,61.3572,6.9,135.6,5.78
1991-06-01,61.8396,6.9,136.0,5.9
1991-07-01,62.0065,6.8,136.2,5.82
1991-08-01,62.0141,6.9,136.6,5.66
1991-09-01,62.5457,6.9,137.0,5.45
1991-10-01,62.4572,7.0,137.2,5.21
1991-11-01,62.371,7.0,137.8,4.81
1991-12-01,62.0999,7.3,138.2,4.43
1992-01-01,61.7744,7.3,138.3,4.03
1992-02-01,62.2167,7.4,138.6,4.06
1992-03-01,62.7223,7.4,139.1,3.98
1992-04-01,63.1981,7.4,139.4,3.73
1992-05-01,63.4008,7.6,139.7,3.82
1992-06-01,63.4358,7.8,140.1,3.76
1992-07-01,64.013,7.7,140.5,3.25
1992-08-01,63.6652,7.6,140.8,3.3
1992-09-01,63.8563,7.6,141.1,3.22
1992-10-01,64.3089,7.3,141.7,3.1
1992-11-01,64.563,7.4,142.1,3.09
1992-12-01,64.6477,7.4,142.3,2.92
1993-01-01,64.9199,7.3,142.8,3.02
1993-02-01,65.2156,7.1,143.1,3.03
1993-03-01,65.1605,7.0,143.3,3.07
1993-04-01,65.3503,7.1,143.8,2.96
1993-05-01,65.0993,7.1,144.2,3.0
1993-06-01,65.2428,7.0,144.3,3.04
1993-07-01,65.3988,6.9,144.5,3.06
1993-08-01,65.3265,6.8,144.8,3.03
1993-09-01,65.6562,6.7,145.0,3.09
1993-10-01,66.1632,6.8,145.6,2.99
1993-11-01,66.4831,6.6,146.0,3.02
1993-12-01,66.8399,6.5,146.3,2.96
1994-01-01,67.0596,6.6,146.3,3.05
1994-02-01,67.106,6.6,146.7,3.25
1994-03-01,67.7792,6.5,147.1,3.34
1994-04-01,68.1906,6.4,147.2,3.56
1994-05-01,68.5136,6.1,147.5,4.01
1994-06-01,68.9608,6.1,147.9,4.25
1994-07-01,69.0536,6.1,148.4,4.26
1994-08-01,69.5074,6.0,149.0,4.47
1994-09-01,69.7304,5.9,149.3,4.73
1994-10-01,70.2734,5.8,149.4,4.76
1994-11-01,70.7471,5.6,149.8,5.29
1994-12-01,71.4653,5.5,150.1,5.45
1995-01-01,71.5873,5.6,150.5,5.53
1995-02-01,71.4827,5.4,150.9,5.92
1995-03-01,71.5962,5.4,151.2,5.98
1995-04-01,71.4939,5.8,151.8,6.05
1995-05-01,71.8245,5.6,152.1,6.01
1995-06-01,72.0577,5.6,152.4,6.0
1995-07-01,71.7421,5.7,152.6,5.85
1995-08-01,72.6863,5.7,152.9,5.74
1995-09-01,72.989,5.6,153.1,5.8
1995-10-01,72.8743,5.5,153.5,5.76
1995-11-01,73.0432,5.6,153.7,5.8
1995-12-01,73.3148,5.6,153.9,5.6
1996-01-01,72.9017,5.6,154.7,5.56
1996-02-01,73.955,5.5,155.0,5.22
1996-03-01,73.8546,5.5,155.5,5.31
1996-04-01,74.6152,5.6,156.1,5.22
1996-05-01,75.15,5.6,156.4,5.24
1996-06-01,75.719,5.3,156.7,5.27
1996-07-01,75.7189,5.5,157.0,5.4
1996-08-01,76.0875,5.1,157.2,5.22
1996-09-01,76.5959,5.2,157.7,5.3
1996-10-01,76.5662,5.2,158.2,5.24
1996-11-01,77.2493,5.4,158.7,5.31
1996-12-01,77.7342,5.4,159.1,5.29
1997-01-01,77.8711,5.3,159.4,5.25
1997-02-01,78.7993,5.2,159.7,5.19
1997-03-01,79.2746,5.2,159.8,5.39
1997-04-01,79.3464,5.1,159.9,5.51
1997-05-01,79.773,4.9,159.9,5.5
1997-06-01,80.1365,5.0,160.2,5.56
1997-07-01,80.7798,4.9,160.4,5.52
1997-08-01,81.6119,4.8,160.8,5.54
1997-09-01,82.4022,4.9,161.2,5.54
1997-10-01,83.1064,4.7,161.5,5.5
1997-11-01,83.7534,4.6,161.7,5.52
1997-12-01,84.1331,4.7,161.8,5.5
1998-01-01,84.5113,4.6,162.0,5.56
1998-02-01,84.6409,4.6,162.0,5.51
1998-03-01,84.6684,4.7,162.0,5.49
1998-04-01,84.9827,4.3,162.2,5.45
1998-05-01,85.5129,4.4,162.6,5.49
1998-06-01,84.998,4.5,162.8,5.56
1998-07-01,84.6664,4.5,163.2,5.54
1998-08-01,86.4183,4.5,163.4,5.55
1998-09-01,86.3287,4.6,163.5,5.51
1998-10-01,86.9767,4.5,163.9,5.07
1998-11-01,86.9005,4.4,164.1,4.83
1998-12-01,87.2514,4.4,164.4,4.68
1999-01-01,87.6357,4.3,164.7,4.63
1999-02-01,88.1298,4.4,164.7,4.76
1999-03-01,88.2987,4.2,164.8,4.81
1999-04-01,88.4947,4.3,165.9,4.74
1999-05-01,89.0447,4.2,166.0,4.74
1999-06-01,88.9802,4.3,166.0,4.76
1999-07-01,89.5155,4.3,166.7,4.99
1999-08-01,89.8984,4.2,167.1,5.07
1999-09-01,89.496,4.2,167.8,5.22
1999-10-01,90.6725,4.1,168.1,5.2
1999-11-01,91.1438,4.1,168.4,5.42
1999-12-01,91.8444,4.0,168.8,5.3
2000-01-01,91.7942,4.0,169.3,5.45
2000-02-01,92.1272,4.1,170.0,5.73
2000-03-01,92.4733,4.0,171.0,5.85
2000-04-01,93.0619,3.8,170.9,6.02
2000-05-01,93.3427,4.0,171.2,6.27
2000-06-01,93.3908,4.0,172.2,6.53
2000-07-01,93.204,4.0,172.7,6.54
2000-08-01,92.9637,4.1,172.7,6.5
2000-09-01,93.3533,3.9,173.6,6.52
2000-10-01,93.0019,3.9,173.9,6.51
2000-11-01,93.0137,3.9,174.2,6.51
2000-12-01,92.7388,3.9,174.6,6.4
2001-01-01,92.2054,4.2,175.6,5.98
2001-02-01,91.5813,4.2,176.0,5.49
2001-03-01,91.3567,4.3,176.1,5.31
2001-04-01,91.072,4.4,176.4,4.8
2001-05-01,90.5335,4.3,177.3,4.21
2001-06-01,90.0322,4.5,177.7,3.97
2001-07-01,89.4778,4.6,177.4,3.77
2001-08-01,89.3838,4.9,177.4,3.65
2001-09-01,88.9262,5.0,178.1,3.07
2001-10-01,88.6365,5.3,177.6,2.49
2001-11-01,88.1058,5.5,177.5,2.09
2001-12-01,88.0897,5.7,177.4,1.82
2002-01-01,88.6706,5.7,177.7,1.73
2002-02-01,88.6723,5.7,178.0,1.74
2002-03-01,89.3624,5.7,178.5,1.73
2002-04-01,89.7933,5.9,179.3,1.75
2002-05-01,90.1629,5.8,179.5,1.75
2002-06-01,90.9078,5.8,179.6,1.75
2002-07-01,90.8761,5.8,180.0,1.73
2002-08-01,90.785,5.7,180.5,1.74
2002-09-01,90.8931,5.7,180.8,1.75
2002-10-01,90.6289,5.7,181.2,1.75
2002-11-01,91.1366,5.9,181.5,1.34
2002-12-01,90.6374,6.0,181.8,1.24
2003-01-01,91.3852,5.8,182.6,1.24
2003-02-01,91.494,5.9,183.6,1.26
2003-03-01,91.221,5.9,183.9,1.25
2003-04-01,90.6448,6.0,183.2,1.26
2003-05-01,90.6163,6.1,182.9,1.26
2003-06-01,90.7372,6.3,183.1,1.22
2003-07-01,91.2028,6.2,183.7,1.01
2003-08-01,91.0119,6.1,184.5,1.03
2003-09-01,91.6355,6.1,185.1,1.01
2003-10-01,91.7372,6.0,184.9,1.01
2003-11-01,92.3505,5.8,185.0,1.0
2003-12-01,92.4019,5.7,185.5,0.98
2004-01-01,92.5643,5.7,186.3,1.0
2004-02-01,93.1092,5.6,186.7,1.01
2004-03-01,92.7403,5.8,187.1,1.0
2004-04-01,93.1255,5.6,187.4,1.0
2004-05-01,93.797,5.6,188.2,1.0
2004-06-01,93.0677,5.6,188.9,1.03
2004-07-01,93.7646,5.5,189.1,1.26
2004-08-01,93.8516,5.4,189.2,1.43
2004-09-01,93.9393,5.4,189.8,1.61
2004-10-01,94.8012,5.5,190.8,1.76
2004-11-01,95.0379,5.4,191.7,1.93
2004-12-01,95.7433,5.4,191.7,2.16
2005-01-01,96.1164,5.3,191.6,2.28
2005-02-01,96.82,5.4,192.4,2.5
2005-03-01,96.6725,5.2,193.1,2.63
2005-04-01,96.8638,5.2,193.7,2.79
2005-05-01,96.9622,5.1,193.6,3.0
2005-06-01,97.353,5.0,193.7,3.04
2005-07-01,97.0425,5.0,194.9,3.26
2005-08-01,97.3856,4.9,196.1,3.5
2005-09-01,95.509,5.0,198.8,3.62
2005-10-01,96.6445,5.0,199.1,3.78
2005-11-01,97.6736,5.0,198.1,4.0
2005-12-01,98.2108,4.9,198.1,4.16
2006-01-01,98.3353,4.7,199.3,4.29
2006-02-01,98.3412,4.8,199.4,4.49
2006-03-01,98.5915,4.7,199.7,4.59
2006-04-01,98.9042,4.7,200.7,4.79
2006-05-01,98.8999,4.6,201.3,4.94
2006-06-01,99.209,4.6,201.8,4.99
2006-07-01,99.1473,4.7,202.9,5.24
2006-08-01,99.5815,4.7,203.8,5.25
2006-09-01,99.4133,4.5,202.8,5.25
2006-10-01,99.2931,4.4,201.9,5.25
2006-11-01,99.2376,4.5,202.0,5.25
2006-12-01,100.2526,4.4,203.1,5.24
2007-01-01,99.86,4.6,203.437,5.25
2007-02-01,100.8096,4.5,204.226,5.26
2007-03-01,101.0257,4.4,205.288,5.26
2007-04-01,101.7497,4.5,205.904,5.25
2007-05-01,101.8148,4.4,206.755,5.25
2007-06-01,101.8424,4.6,207.234,5.25
2007-07-01,101.7209,4.7,207.603,5.26
2007-08-01,101.9639,4.6,207.667,5.02
2007-09-01,102.2023,4.7,208.547,4.94
2007-10-01,101.8873,4.7,209.19,4.76
2007-11-01,102.4717,4.7,210.834,4.49
2007-12-01,102.4621,5.0,211.445,4.24
2008-01-01,102.3148,5.0,212.174,3.94
2008-02-01,101.9384,4.9,212.687,2.98
2008-03-01,101.5904,5.1,213.448,2.61
2008-04-01,100.9098,5.0,213.942,2.28
2008-05-01,100.3073,5.4,215.208,1.98
2008-06-01,100.0853,5.6,217.463,2.0
2008-07-01,99.6124,5.8,219.016,2.01
2008-08-01,98.0601,6.1,218.69,2.0
2008-09-01,93.8451,6.1,218.877,1.81
2008-10-01,94.7036,6.5,216.995,0.97
2008-11-01,93.4737,6.8,213.153,0.39
2008-12-01,90.825,7.3,211.398,0.16
2009-01-01,88.583,7.8,211.933,0.15
2009-02-01,88.0069,8.3,212.705,0.22
2009-03-01,86.6045,8.7,212.495,0.18
2009-04-01,85.9406,9.0,212.709,0.15
2009-05-01,85.0635,9.4,213.022,0.18
2009-06-01,84.7841,9.5,214.79,0.21
2009-07-01,85.7471,9.5,214.726,0.16
2009-08-01,86.7094,9.6,215.445,0.16
2009-09-01,87.4072,9.8,215.861,0.15
2009-10-01,87.6595,10.0,216.509,0.12
2009-11-01,88.0061,9.9,217.234,0.12
2009-12-01,88.2819,9.9,217.347,0.12
2010-01-01,89.2744,9.8,217.488,0.11
2010-02-01,89.5648,9.8,217.281,0.13
2010-03-01,90.2296,9.9,217.353,0.16
2010-04-01,90.5689,9.9,217.403,0.2
2010-05-01,91.8247,9.6,217.29,0.2
2010-06-01,92.007,9.4,217.199,0.18
2010-07-01,92.3967,9.4,217.605,0.18
2010-08-01,92.7118,9.5,217.923,0.19
2010-09-01,92.9252,9.5,218.275,0.19
2010-10-01,92.7115,9.4,219.035,0.19
2010-11-01,92.7535,9.8,219.59,0.19
2010-12-01,93.6492,9.3,220.472,0.18
2011-01-01,93.4768,9.1,221.187,0.17
2011-02-01,93.0617,9.0,221.898,0.16
2011-03-01,94.0244,9.0,223.046,0.14
2011-04-01,93.7011,9.1,224.093,0.1
2011-05-01,93.849,9.0,224.806,0.09
2011-06-01,94.0844,9.1,224.806,0.09
2011-07-01,94.5881,9.0,225.395,0.07
2011-08-01,95.1605,9.0,226.106,0.1
2011-09-01,95.0855,9.0,226.597,0.08
2011-10-01,95.6902,8.8,226.75,0.07
2011-11-01,95.7307,8.6,227.169,0.08
2011-12-01,96.2047,8.5,227.223,0.07
2012-01-01,96.7772,8.3,227.842,0.08
2012-02-01,97.051,8.3,228.329,0.1
2012-03-01,96.5714,8.2,228.807,0.13
2012-04-01,97.3139,8.2,229.187,0.14
2012-05-01,97.4669,8.2,228.713,0.16
2012-06-01,97.4577,8.2,228.524,0.16
2012-07-01,97.6786,8.2,228.59,0.16
2012-08-01,97.2842,8.1,229.918,0.13
2012-09-01,97.2295,7.8,231.015,0.14
2012-10-01,97.5344,7.8,231.638,0.16
2012-11-01,97.9837,7.7,231.249,0.16
2012-12-01,98.2122,7.9,231.221,0.16
2013-01-01,98.1664,8.0,231.679,0.14
2013-02-01,98.6458,7.7,232.937,0.15
2013-03-01,99.0597,7.5,232.282,0.14
2013-04-01,98.9927,7.6,231.797,0.15
2013-05-01,99.0726,7.5,231.893,0.11
2013-06-01,99.2065,7.5,232.445,0.09
2013-07-01,98.9204,7.3,232.9,0.09
2013-08-01,99.4996,7.2,233.456,0.08
2013-09-01,100.0568,7.2,233.544,0.08
2013-10-01,99.9168,7.2,233.669,0.09
2013-11-01,100.1762,6.9,234.1,0.08
2013-12-01,100.3658,6.7,234.719,0.09
2014-01-01,100.038,6.6,235.288,0.07
2014-02-01,100.7918,6.7,235.547,0.07
2014-03-01,101.7782,6.7,236.028,0.08
2014-04-01,101.8337,6.2,236.468,0.09
2014-05-01,102.2325,6.3,236.918,0.09
2014-06-01,102.5722,6.1,237.231,0.1
2014-07-01,102.8479,6.2,237.498,0.09
2014-08-01,102.6491,6.1,237.46,0.09
2014-09-01,102.9858,5.9,237.477,0.09
2014-10-01,102.9911,5.7,237.43,0.09
2014-11-01,103.6669,5.8,236.983,0.09
2014-12-01,103.6139,5.6,236.252,0.12
2015-01-01,102.8479,5.7,234.747,0.11
2015-02-01,102.2292,5.5,235.342,0.11
2015-03-01,101.8945,5.4,235.976,0.11
2015-04-01,101.2859,5.4,236.222,0.12
2015-05-01,100.8408,5.6,237.001,0.12
2015-06-01,100.5063,5.3,237.657,0.13
2015-07-01,101.1831,5.2,238.034,0.13
2015-08-01,100.9115,5.1,238.033,0.14
2015-09-01,100.568,5.0,237.498,0.14
2015-10-01,100.1588,5.0,237.733,0.12
2015-11-01,99.4099,5.1,238.017,0.12
2015-12-01,98.8329,5.0,237.761,0.24
2016-01-01,99.4797,4.8,237.652,0.34
2016-02-01,98.9583,4.9,237.336,0.38
2016-03-01,98.1954,5.0,238.08,0.36
2016-04-01,98.4673,5.1,238.992,0.37
2016-05-01,98.2889,4.8,239.557,0.37
2016-06-01,98.7201,4.9,240.222,0.38
2016-07-01,98.8992,4.8,240.101,0.39
2016-08-01,98.7249,4.9,240.545,0.4
2016-09-01,98.606,5.0,241.176,0.4
2016-10-01,98.6703,4.9,241.741,0.4
2016-11-01,98.2288,4.7,242.026,0.41
2016-12-01,98.8958,4.7,242.637,0.54
2017-01-01,98.7446,4.7,243.618,0.65
2017-02-01,98.3676,4.6,244.006,0.66
2017-03-01,99.1065,4.4,243.892,0.79
2017-04-01,100.0363,4.4,244.193,0.9
2017-05-01,100.147,4.4,244.004,0.91
2017-06-01,100.3042,4.3,244.163,1.04
2017-07-01,100.2092,4.3,244.243,1.15
2017-08-01,99.7055,4.4,245.183,1.16
2017-09-01,99.7485,4.3,246.435,1.15
2017-10-01,100.988,4.2,246.626,1.15
2017-11-01,101.273,4.2,247.284,1.16
2017-12-01,101.3696,4.1,247.805,1.3
2018-01-01,101.3561,4.0,248.743,1.41
2018-02-01,101.6495,4.1,249.439,1.42
2018-03-01,102.298,4.0,249.581,1.51
2018-04-01,103.4095,4.0,250.146,1.69
2018-05-01,102.5408,3.8,250.779,1.7
2018-06-01,103.3045,4.0,251.118,1.82
2018-07-01,103.5474,3.8,251.323,1.91
2018-08-01,104.1659,3.8,251.749,1.91
2018-09-01,104.1315,3.7,252.239,1.95
2018-10-01,103.9874,3.8,252.862,2.19
2018-11-01,103.9127,3.8,252.657,2.2
2018-12-01,103.867,3.9,252.551,2.27
2019-01-01,103.3023,4.0,252.47,2.4
2019-02-01,102.728,3.8,253.135,2.4
2019-03-01,102.8635,3.8,254.273,2.41
2019-04-01,102.2543,3.6,255.163,2.42
2019-05-01,102.4519,3.6,255.325,2.39
2019-06-01,102.384,3.6,255.361,2.38
2019-07-01,102.0568,3.7,255.9,2.4
2019-08-01,102.6882,3.7,256.179,2.13
2019-09-01,102.3143,3.5,256.596,2.04
2019-10-01,101.4645,3.6,257.305,1.83
2019-11-01,101.9876,3.6,257.788,1.55
2019-12-01,101.6179,3.6,258.263,1.55
2020-01-01,101.0918,3.5,258.682,1.55
2020-02-01,101.3247,3.5,259.007,1.58
2020-03-01,97.4477,4.4,258.165,0.65
2020-04-01,84.2018,14.7,256.094,0.05
2020-05-01,85.8434,13.2,255.944,0.05
2020-06-01,91.1622,11.0,257.217,0.08
2020-07-01,94.8887,10.2,258.543,0.09
2020-08-01,95.8924,8.4,259.58,0.1
2020-09-01,95.6019,7.9,260.19,0.09
2020-10-01,96.6454,6.9,260.352,0.09
2020-11-01,97.1609,6.7,260.721,0.09
2020-12-01,98.2854,6.7,261.564,0.09
2021-01-01,99.4076,6.4,262.2,0.09
2021-02-01,96.3966,6.2,263.346,0.08
2021-03-01,99.1618,6.0,265.028,0.07
2021-04-01,99.2416,6.0,266.727,0.07
2021-05-01,99.9226,5.8,268.599,0.06
2021-06-01,100.4704,5.9,270.955,0.08
2021-07-01,101.1676,5.4,272.184,0.1
2021-08-01,101.0927,5.2,273.092,0.09
2021-09-01,99.8606,4.7,274.214,0.08
2021-10-01,101.2169,4.6,276.59,0.08
2021-11-01,102.0298,4.2,278.524,0.08
2021-12-01,101.6188,3.9,280.126,0.08
2022-01-01,103.0309,4.0,281.933,0.08
2022-02-01,103.5811,3.8,284.182,0.08
